id,dcb,rcl,juros,amortizacao,primario,dbp,rec_cor,desp_cor,investimentos,desp_total,rec_previdenciarias,inativos,rec_tributaria,obrig_fin,disp_caixa_bruta
ac2008,1011545978.17,2223256744.68,49307203.67,87462472.35,215641041.84,1152523788.32,2791461275.6899996,2079273853.6999998,575447020.7199999,2742183346.7699995,174473396.48,138326193.63,560163762.03,8850387.44,387703624.66
ac2009,1354792638.61,2453089940.51,55848816.61,91682595.5,-238241336.99,1288407655.27,3091974481.66,2412211875.56,1015103594.88,3519085437.46,222447458.25,161970450.02,588057187.13,12449182.48,465917440.75
ac2010,1746291245.71,2648933275.05,95702934.92999999,103288847.53,-420200205.37,1399993068.17,3367652164.48,2739927888.9300003,1096715381.43,3939988667.8900003,237524470.41,189876367,714039831.48,11211523.87,334481016.01
ac2011,1889207621.63,2975827933.48,108506541.00999999,157498881.4,94009198.46,1546678926.38,3771196466.5499997,3046923229.34,575643335.8700001,3792691937.17,246434582.21,226850509.09,743492003.95,15533547.22,405984254.9
ac2012,2636362085.86,3281194823.87,118580274.27000001,250331028.03,-447859717.39,1788207243.54,4181084864.870001,3593266006.3700004,812106234.78,4657789519.18,196695273.84,273842771.68,954773012.8,31356879.53,751151529.63
ac2013,3144566264.64,3700350634.52,143100869.08,234166159.69,-412796110.289999,1994409891.35,4683980123.77,3983856286,891493708.88,5156552725.91,292425607.92,326349624.85,1015486448.49,66232718.09,676302339.03
ac2014,3617717818.12,4267230697.3,154438496.45,217909479.14,9169807.63,2321649265.3199997,5374680310.04,4470397050.43,1104243702.17,5793050231.74,416678814.85,416389998.49,1157315833.57,95547969.73,561134241.74
ac2015,4245948557.36,3949107687.38,187151372.97,260535882.44,-143987048.42,2454398031.26,5102591982.15,4570803605.21,396462124.8,5231991530.18,375534456.72,519782245.69,1251572212.08,161658708.33,503733050.9
ac2016,3827877107.27,4442141070.9,180307453.55,284471691.5,373987378.85,2613215242.89,5694332672.56,4829741174.53,313929472.23,5432073338.26,326354971.81,601658046.39,1307950533.82,134384988.62,703563299.63
al2008,6955421589,3528416347,164486045.32000002,333730558.99,467817600,1945466761,4742253203.41,3615061289.700001,369107410.85,4319129682.590001,204044912,362359310.8600001,1837031401.76,581020848,543575623
al2009,6845522218.35,3597964978.03,134734370.28,513668553.47,92873578.18,2181617749.29,4882240265.36,3965984712.64,558774278.01,5050139539.87,279334347.16,415757409.79,1975458613.19,460716374.87,824659223.5
al2010,7525491922.96,4205565036.63,173215353.09,400827375.91,375066021.77,2038274389.05,5583817979.78,4408229588.320001,847140035.2,5677216844.51,133194088.74,450196281.83000004,2283629108.4099994,406668877.72,1126458722.01
al2011,7830583038.44,4801098985,184515297.27,498591655.28,470488731.86,2305026007.42,6309604687.530002,4727877410.55,557594386.63,5792812514.02,438688901.07,282761972.58,2624164983.1900005,327115333.18,1012980687.81
al2012,8178422543.19,5051891183.67,263638829.24,503606944.97,338749672.58,2502846112.02,6658181503.900001,5289462306.280001,746087159.7099999,6547016410.960001,448398477.32,292345034.46,2833709217.5399995,497241451.63,1005195063.51
al2013,9035401985.72,5465256409.34,277288342.96,413965506.71,338749672.58,2703871231.81,7227856883.69,5754320114.07,837334246.32,7092907991.05,12374814.02,247810865.63,3203360394.32,419254063.03,1387466845.1
al2014,9703158277.34,5969712767.26,246133464.97,438332381.96,-278940261.91,3095552617.73,7873960755.59,6433807635.18,1268867351.06,8154687440.53,17903865.41,440077333.6,3466657848.27,558982320.51,959825152.52
al2015,11252027857.87,6328523887.74,257574120.62,567228373.23,733320008.79,3437463460.44,8414642815.01,6903171338.08,519189062.95,8028587777.46,309069554.97,700958961.83,3752716368.24,864134139.12,1345359387.22
al2016,9223989752.57,7645675622.78,136739753.51,295992817.29,1127084183.19,4243626183.13,10358251944.87,9135466125,586331659.66,10022201702.83,1765473678.17,1667643830.42,4425734384.73,473341394.57,2001858543.01
am2008,2225427303.86,6395995269.73,107572169.06,144992614.81,158393029.05,2484405618.17,8567719425.839999,6361811155.940001,1265917703.75,7784046437.05,571110921.31,297472487.34000003,4952960505.98,261678492.73,1451209844.47
am2009,2778228818.91,6161490863.11,119389294.04,155684091.46,-931786346.84,2865985782.5400004,8302362353.56,6785162971.65,1703007437.4,8686970064.25,424650534.74,333447802.62,4642084686.99,324639319.59,1349461399.02
am2010,3188516693.33,7407732260.79,154811368.18,162569638.57,-322386639.140001,3130069688.5699997,10066126581.660002,7778802887.27,1696249385.7499998,9750686645.77,484972221.59000003,366303535.49,5961007797.27,155274248.16,1073910848.33
am2011,3302189902.21,8515351762.08,186640034.3,248860733.87,96191483.76,4023162526.21,11413660498.11,8752721952.52,1532369050,10616815145.76,472324786.05,579986484.62,6405568967.5,151260529.48,1448617145.83
am2012,3877973077.53,9655316018.77,181216608.94,340911439.83,18807321.4,4406265878.89,13077243676.109999,10297952643.810001,1490749635.4099998,12159258984.53,462827686.89,885717990.9599999,7178537706.94,342838893.79,2073819263.26
am2013,4667462531.74,10329762485.05,194420109.9,370177794.57,-391734832.68,4881118605.67,14170239484.36,11710026046.71,2406378401.77,14569525924.39,550160492.08,1043978612.89,8082887123.78,251397935.38,2020789600.71
am2014,5430452428.74,11039956264.46,257205088.76,331090070.94,-837084547.85,5486745593.990001,15096528957.61,13003760039.2,2214697283.73,15565294328.96,658348305.78,1147810010.43,8555228646.28,322724509.27,1883839726.7
am2015,6906913511.12,10998994388.61,326649103.54,389289254.66,5586732.54,5787299990.92,14952470634.89,13191276824.88,845143539.67,14477492379.54,708742399.25,1246324234.08,8195047837.4,422845340.31999993,1218061312.09
am2016,6286692182.2,11395630934,344510444.08,402079430.97,425026056.73,5979660192.06,15858552196.23,13661674717.2,829596003.24,14997260040.99,881978645.17,1388221665.36,7965905939.35,336720047.93,1454802126.29
ap2008,247217357,2404878240,6806710.42,25957400.3,505414412,968498332,2807983706.5299997,1971501905.08,239520972.60999998,2250035108.79,137031196,40399583.39,450276635.57,53820110,156813255
ap2009,406722717,2237966613,10969225.99,30056316.45,333388749.25,975703157,2694377619.31,2091076402.41,260643551.29,2384328187.39,53696420,46448088.73,470843014.55,117136886.01,290392190.93
ap2010,664348906,2492365269,21495110.98,39042188.71,1174443001.96,1095882520,2973787778.53,2317897868.78,239857006.03,2607093308.2400002,24392903,20780399.22,556877038.55,220837664,295874624
ap2011,663760405,2897410914.61,26309453.529999997,111070616.66,734437257.82,1268029709,3580437970.390001,2490528051.8900003,316036973.65999997,2956670132.3100004,79489851,38054626.91,622470163.7599999,198688941,514634309
ap2012,1143083078,3344163675.76,24893490.58,38992343.6,-257026048.77,1577035401,4112686110.0500007,3050468146.14,273982895.83000004,3801176603.5699997,92564035,31976892.09,843193008.47,516719607,1064570919.4
ap2013,2225037265,3535062381.83,47957401.54,306136596.83,-116755038.88,1642624330,4341716963.14,3398244843.49,502974350.48,4481367347.76,40696026,49211405.78,906016400.54,237049474,1416000382.06
ap2014,2483028270.11,4020130039.48,82115698.58,68575661.25,-410822127.05,1858838214.71,4899082882.02,3672589979.01,407540646.99,4498370609.15,60534782.09,51629027.72,1019852706.2,201498719.89,1027896422.53
ap2015,2671177076.68,3875537366.92,137145262.1,85551948.11,-44630075.65,1758084359.1799998,4758054140.83,3569552074.03,439542234.29,4106034601.23,99240422.27,60612856.8,891911844.68,1740317333.42,1741427230.9
ap2016,2809429087.46,4872773878.98,121032373.15,104704322.55,-444222131.89,1964690402.46,5496374349.87,3836120411.1,139100666.12,4091210019.22,111718268.07,96268961.23,954291092,389202284.40999997,2843235919.92
ba2008,11498748122.71,14237786082.39,565027310.39,1457754671.44,1437345616.83,7814206896.15,20172955352.030003,17002089970.130001,1201702732.8500001,19875029144.25,554267721.83,2115209644.35,10886567714.359999,708831154.11,1639270530.14
ba2009,10424316130.58,14671427308.15,525354318.27,1265723919.92,737978203.44,8809431619.36,20915399691.11,18534874426.13,1329025133.52,21374933566.47,634292466.97,2450194672.27,10840388417.88,478885376.84,1101501657.08
ba2010,10425936246.91,17372550742.29,510138491.46999997,871906353.99,744512931.71,9607936700.85,24652004774.239998,21502299427.010002,2046146130.78,24667993043.260002,711420045.35,2790765465.93,12876988650.86,710979960.24,1749702629.96
ba2011,10414665145.31,19226970363.7,503486354.13000005,911908263.66,1176723648.04,10805276934.43,27440408829.429996,24070823872.97,1752502440.9099998,27139530002.370003,804819386.82,3287660213.35,14183218585.059998,915304385.6,1991477181.96
ba2012,13474097572.47,21624180849.01,515961268.4,1032095211.12,1278945427.31,12255941909.34,30557271794.43999,27075280938.53,1836280061.9699998,30380176908.559998,918739773.27,3901689435.94,15864323802.349998,1161563615.38,4023953937.81
ba2013,15033682987.15,23080634286.15,497803875.93,1681534278.61,300874947.81,13704227244.78,33127356192.82,29869150140.31,2037262606.14,34237808085.76,1133313104.07,4369564803.93,18476905636.4,1885183650.42,5310135522.22
ba2014,16911138138.28,25870525219.4,543165998.28,797187318.37,1600043471.94,15302634859.13,37004050909.68,32676847132.88,2540215784.98,36314445128.36,1181968001.62,4972291217.67,20301077820.08,1917036594.18,6184259815.4
ba2015,21381306825.23,27207610584.58,633856978.55,954914644.8,-570487456.12,16691411749.07,39313393687.7,35907394569.26,2292137950.41,39435478235,1321763223.71,4782365604.29,22435236825.37,1676461257.57,6217355559.37
ba2016,20172661726.35,28714179024.82,556601894.44,788437381.58,-1117838694.45,17598198987.620003,41698737094.94,38481711012.41,3241530762.07,42762117273.84,1409697645.92,5230338044.3,23441353773.31,794293545.24,4658628763.79
ce2008,3809611863,7886592912,212115579.25,435038174.41,1380243204.86,3703421376.21,11148682744.91,9202017900.820002,1078160856.8000002,10824764184.460003,726416407.89,954640281.47,5314953588.089999,444474559,2251383884
ce2009,3446816883,8400940154,191144566.79,582819555.87,1164640969.04,4202960407.78,11992539968.44,10492697571.29,1984618244.26,13158992107.25,838253825.08,1047564011.52,5799444303.05,687179275.98,2496415270
ce2010,4259958835,9664272967,189008956.54999998,301917478.7,877163031.61,4580566066.89,13905613551.24,12325234404.18,3254037983.4599996,15964233172.779999,976107938.86,857018402.11,6966702029.26,980578787.28,2146926202.73
ce2011,5304460683,10966435332,219495252.51,371586246.91,26437117.51,4949204831.88,15692331348.399998,13472581217.710001,2686801535.8499994,16630638030.48,995847966.04,951789219.74,7817749335.2,379035132.81,1063967807.19
ce2012,5745082357,12130620628,247099324.96,687040391.61,82786950.67,5805297536,16696244850.029999,13742252329.509998,2070703199.6799996,16638191564.829998,1099805982.02,1216439707.36,8891278093.27,1117174783.23,2699921322.74
ce2013,6980854716.14,13379882291,246480195.8,527673309.92,637825326.6,6501611414.25,18575040419.97,15304742294.1,2239533896.14,18395140660.6,1209819337.6,1411086226.7,10150885779.5,1196935722.94,3241149034.83
ce2014,8501127953,14418477503.79,297663290.94,595815980.54,455335069.85,7217787703.419999,20124026041.49,17277833219.52,3475765085.85,21783515154.38,1361596574.52,1559411926.19,11113045323.53,696126236.22,2549452952
ce2015,11113041943,15176440113,414556094.18,689352118.08,-992945340.14,7858795449.44,21109686262.67,18287950252.93,2411486940.1,21508134927.54,1395437047.54,1755843763.1,11730312190.1,909540461.49,2377935262.39
ce2016,10518535190.36,17831937421.85,446076327.02,846777051.9,890046570.67,8331330086.34,24311282064.89,20016052843.35,2172565859.15,23266915758.59,1573816246.83,1916783042,13311686074.34,855999894.48,3351505307.67
df2008,3230132728.04,9626476275.59,117511652.29,96583292.62,1003797077.34,5013382662.76,11142567693.679998,8814739599.72,1050977341.38,10088787667.939999,825541907.76,796096762.01,7099620771.18,115435030.84,1682396852.22
df2009,3371574770.69,10254998540.21,129417334.2,124561289.85,-415012273.909997,5613864208.84,11912482064.17,10076173427.82,1382848415.68,11704310845.36,880575073.72,1000452171.66,7392530032.69,298854009.23,1752056298.48
df2010,4043685744.54,11485148499.11,138980165.60000002,130237704.71,35619766.14,6445078860.12,13228624387.65,10981410590.41,1041462545.27,12272738583.27,1019334317.93,1169381082.62,8352921764.87,668375748.23,1928470516.04
df2011,4234211614.68,12859741832.57,146862631.5,143888074.83,11793291.9,7617608511.85,14681589667.550001,12496113915.81,974860654.47,13808066434.3,1121880667.47,1357943354.61,9366541153.94,849159164.55,2242497583.27
df2012,4430824187.59,14312436247,146471414.39,162269085.09,96396729.7,8096107209.29,16227310875.769999,13790555082.729998,1561942237.05,15817455963.769997,1216998032.64,1499696082.56,10287231703.98,1143472650.85,2357824146.63
df2013,4613207272.59,15811905452.74,160575546.07,165660008.72,-1189482200.06,9003612032.169998,17849330837.06,15510823289.39,2180610380.13,18133089572.58,1296969644.85,1383036939.7,11443797300.6,1641521990.97,1650448305.49
df2014,5075662907.07,17504269623.87,183052105.68,187545737.58,-514150533.049999,10172148503.44,19671103064.83,16897595539.45,1642940866.65,19008772982.66,1444225348.18,1482657149.04,12669362672.64,933023893.39,917773286.73
df2015,5930582624.7,18461481002.45,230084944.07,238821010.66,-2525225916.77,14001919771.26,26981588223.16,26708474315.3,674404345.47,27707119466.71,1561661922.4,4151390476.1499996,13156540223.53,1667699369.54,1919671239.4
df2016,7281735426.6,19881229932.9,197127950.63,224263743.93,-686184967.41,13347139147.300001,27771638526.69,25426328098.38,684712265.8,26417375678.43,1469352964.62,3856509307.65,14466785034,1395706715.8,1363210486.41
es2008,3807147559.53,7735570468.26,144537717.42,222473267.58,2031823442.57,3312788639.36,10783974155.34,7639360643,787936782.04,10192769755.9,986718991.39,1029719688.86,7727338831.0199995,548650637.56,2521654546.83
es2009,3658046941.03,7486191650.76,139266789.8,244165768.4,659241257.68,3817592952.6299996,10537451579.76,8299879676.71,1177955849.32,11104806159.43,1120498370.37,1152065143.5,7285004187.18,625525013.88,2545520367.17
es2010,3772319559.16,8239168317.26,139497607.8,214134274.26,69121268.05,4468279027.309999,11641468123.090002,9689078645.73,1593120636.77,12742897651.779999,1265569363.49,1336092474.8,8131385630.92,291014047.92,2207439969.12
es2011,3859630026.45,9772997585.34,150218656.13,248211961.24,1490003740.71,5208233882.03,13766320312.710001,10835868751.210001,1206058538.42,13905213434.23,1489012958.2,1508158435.69,9528840371.04,267410760.68,2507914071.57
es2012,5095951051.09,10915833390.24,157433324.23999998,496057205.15,1545612070.54,5799239493.009999,15278525038.190002,9588647656.800001,1164716291.95,12821997736.390001,1661257712.84,1659131603.93,10326078714.500002,268610473.87,3557624039.36
es2013,5679045587.37,10561113114.83,193215857.43,301048981.59,-316506974.109998,6537237716.54,15098886262.53,10874897263.47,1414938460.88,13721665464.74,1895654274.74,1882709132.79,10003811743.47,389281193.5,3555424337.76
es2014,6062940472.16,11798288649.28,250537250.94,228437546.39,-494585752.78,6259828757.360001,16511953543.14,12490164001.44,1872420155.44,15156024059.43,2202381696.88,2163931037.07,10285973537.13,409629869.27,1940538904.78
es2015,7034527965.75,11951594613.26,303467446.68,253135930.49,206453862.14,5909315936.44,16902533199.57,12775738395.91,620473297.47,14198748428.83,2355310490.66,1895231385.23,10698575724.49,420753281.58,4167650040.72
es2016,6809779959.8,11884435326.99,314595539.46,263894849.36,316568269.65,5822486456.68,16590749648.7,12782660769.33,541096144.69,14015285276.56,2517095071.9,2021183642.47,10294627012.63,384147985.12,4849068268.03
go2008,13297232033,8944458593.24,510192988.47,493999629.53,1474933593.39,4188141915.74,12135412706.699999,9810586257.63,758385748.69,11068637198.919998,271461498.21,1206727436.23,7700905501.07,594364509.23,1505462444.46
go2009,12617555590,9105639344.77,560449634.91,539136987.29,701169921.58,4545454875.26,12564799098.1,10488968887.49,763374337.4,11805556739.46,283435613.87,1358914732.86,8121869937.13,412796765.56,1508258374.93
go2010,14766699141,10530492989.31,645970511.14,515575071.11,212600911.23,5394761757.77,14728132239.280003,12818102560.54,1179661698.28,14566715600.320002,347041910.59,1598774720.7,9669440452.26,790348443.41,934369461.25
go2011,15724670111.52,12595565221.19,807326147.04,2187473830.53,1974179799.04,5916416472.87,17846335444.07,11959971402.04,526000003.96,14703479396.53,1030540668.01,1760386254.37,11320185393.11,249006125.95,2468952503.52
go2012,16704431659.63,14082824111.62,955811275.32,1111391989.66,987806788.17,6843410734.84,20168639111.99,14325316259.789999,687430462.53,17441751026.129997,1126406903.2,2142827886.25,13360706017.65,1003332697.35,2916916946.56
go2013,17250443942.24,15269900558.18,1198927165.48,1105178890.55,215945731.82,7394274314.76,22283375332.78,15586280172.59,1552628091.67,18606248083.17,1324334044.48,2400448506.96,15601376108.64,416033751.71,2785589897.98
go2014,18092333163.69,16656492150,1053787483.56,1635067428.49,-680584283.33,9392248739.83,24195525366.52,16967349268.49,2530719140.5,21521913043.87,1575791555.17,2733435005.98,16845751507.41,1011671323.86,3334753589.78
go2015,18598354565.23,17361933085.28,1009269178.83,1644101317.11,6025045.41,10385333453.35,25073646340.82,18628550515.85,1491719272.22,21853389628.42,1777506311.09,3265680449.95,17594317305.23,2394741381.73,3456176622.08
go2016,19637800007.17,19279840731.6,927217893.79,1014211050.34,1120417689.47,10857426670.26,27448574763.1,19791725267.11,935839391.62,21791515776.38,1785959706.07,3552667853.9199996,18629985897.2,2073198364.94,2264337107.45
ma2008,5659049338.63,5836925620.42,407812879.58,305409415.81,690076216.22,2335544257.96,7910982615.659998,5699621038.29,853663598.7,6884042404.03,402374107.16,661015047.31,2741029642.79,233166114.16,1354394233.16
ma2009,5334673097.61,5971417207.2,453869334.11,320113620.42,246165177.83,2613116509.09,8285809593.63,6406970154.11,1104567202.48,7884902060.15,455559672.91,617825229.65,2927064522.18,237651276.9,1315128721.87
ma2010,5261187302.23,6814409886.42,555507842.0999999,296443086.83,223269291.52,3204287028.26,9194638314.16,7376867858.309999,1174095103.04,8855893398.18,250276128.96,710117524.48,3469312807.89,425883775.99,1800526281.79
ma2011,5027524895.85,8087595886.97,658845395.85,368212703.71,621550145.52,3282474089.8599997,10744608996.19,8386454662.73,982087858.66,9756853225.099998,257302117.09,772166059.43,4016388302.47,853328848.32,2382384554.05
ma2012,4597734062.32,8899986679.57,702747526.9699999,478227391.58,403342498.55,3812261975.01,12291591664.279999,9614666476.52,1139167292.38,11233205160.48,260899839.66,885373528.83,4539284541.62,988064606.79,2505055737.1
ma2013,4485912131.09,9145629337.11,464209141.91,1867986667.99,-308282882.9,4211915367.63,12579872191.21,10592667725.09,1597240117.52,14093110891.85,327470050.05,1031322730.57,5186648732.46,2299884813.97,1347585084
ma2014,5510707693.65,10147462439.59,255492506.34,250137069.77,630764905.25,4741858105.83,13898442046.51,11712579444.08,1694677196.59,13657393710.44,386263141.6,1224550426.69,5640440671.47,1168128447.09,4234798304.22
ma2015,7314129163.62,10712347552.03,346355827.63,422329500.03,-231277843.86,5546283106.51,14747951349,12770972414,997934051.3,14192235965.33,521536333.93,1452372993.69,6072521681,539131926.53,1122622774.17
ma2016,7051309013.64,12480062588.49,390918647.26,550670776.4,545206825.96,6092288809.59,17126401616.37,14136460487.71,1218654583.15,15917374158.96,570253332.26,1666054114.81,7102489669.33,577647135.52,1850165530.85
mg2008,60120982504.35,29242489414.13,2544018787.36,529544848.92,2971304919.37,14765497091.32,42378959652.96999,33601586387.269997,3740177483.5100007,39299362850.28,2062487299.85,5677144886.620001,27040370046.03,2577112230.24,3581745356.58
mg2009,58967869900.47,29118469548.08,2197015899.82,1098020566.36,1732670988.08,15230443949.44,41063482874.44,34329236121.27,3585387829.16,40263460915.06,2166461245.53,6050518828.5199995,26800687202.07,2048342674.24,3053625166.62
mg2010,67812919776.51,33179151679,2242732657.53,1237318657.82,1851098933.58,18013888843.19,47422585290.89001,39703443889.02,3988149063.25,45774594725.409996,2393899152.72,7494941908.360001,31745459346.8,1648884584.98,2928877728.98
mg2011,74423059167.44,37284183547.59,2568300507,1632101452.96,2756656223.9,20927023794.989998,52836665478.88999,48783746352.16,3292704264.67,54401076276.33,2705569807.79,8526865238.629999,35019944019.16,2474871199.69,3260802892.55
mg2012,79795836533.28,40371093300.8,2347645105.31,0,3068529846.03,23868435291.3,57546135222.48,55274150247.46,7587728422.46,62861878669.92,4098956503.54,9865133013.599998,38837435385.53999,2393452929.56,4122534331.23
mg2013,88077047137.85,43141298799.57,2666432325.27,5211297316.76,663729175.24,26735706770.230003,62612898817.3,61050095085.68,4275075844.34,71906529761.8,4027577816.29,11041345464.529999,43482387817.82,3574368474.79,5456063813.86
mg2014,93730545206.56,47644235435.77,2842738535.69,2901579400.2,86159755.68,30342771174.98,68323614735.78,66985777500.33,4168386425.62,75512924847.61,5119554599.97,13026381352.37,47074914854.66,3343258633.43,5013668450.49
mg2015,107383681895.65,51643235767.49,3309966453.74,3504239482.61,-3243577459.3,36269093411.590004,72766420236.08,78005765796.15,3186562514.6,85119036085.58,4885223029.43,16311362181.039999,48007295297.73,5667421543.38,2286274101.86
mg2016,113258470146.59,53731469131.32,1389033519.05,1516025584.37,-3249134549.81,39496574290.62,76620772719.92,83548473866.17,2769309138.61,88129098217.78,5307789196.31,18083814780.739998,52976823100.82,7459742463.9,2848447993.68
ms2008,6790177682.23,4829848169.35,180661152.10999998,358360360.48,678107233.94,1737565530.1699998,6870740751.45,5556147861.14,749552091.88,6677730357.030001,182572431.03,724428441.21,4626355803.2699995,601380862.24,1401305764.63
ms2009,6596219042.87,4886838481.02,182669320.83,0,457426905.05,1972535502.53,6977155190.52,6156912047.65,527089792.57,7153681107.96,207646668,866304871.82,4622041837.51,614316667.06,1273411106.26
ms2010,7212143380.29,5210121273.05,164461466.41,425307015.76,81091592.28,2284718687.9700003,7535406555.889999,6830726300.63,1020973762.66,8287760062.55,237067013.1,988928440.85,5067531055.419999,738178597.57,1091567052.37
ms2011,7689662900.04,5993668420.03,190355032.64000002,492658056.72,29121776.89,2518444914.6499996,8719070003.340002,7817800714.940001,1079992378.8899999,9392410665.2,259659488.87,1126587997.67,5915571259.080001,761724580.49,1171057518.44
ms2012,7955809354.32,6599645664.14,214636644.10999998,572825565.71,561069510.73,2702116405.23,9529653301.939999,8643080436.529999,857071586.88,10084982226.23,279295604.13,1296994765.67,6385737003.530001,462175407.44,1189974305.86
ms2013,8421756060.86,7178004619.54,212863339.99,671292633.93,65815271.53,4193086331.06,10458241449.85,9753719631.48,1285713842.62,11712097316.76,307898508.6,1483131543.37,7163028109.14,668140954.81,1417383506.93
ms2014,8602359025.35,8099122726.47,210974752.85,836571164.23,-1253783.13,5685757077.05,11676468194.96,10681321076.4,1721966526.62,13284476545.74,339959018.19,1684962337.54,7971388015.9,267936832.68,571924188.12
ms2015,8801324237.52,8321250479.18,274716450.68,942041047.46,1560329778.87,5701574346.51,12010925695.86,12598752630.81,619813699.49,14161080789.52,1357520632.33,2091080453.78,8278397041.04,365356907.02,1189827476.24
ms2016,8848325565.61,9347981709.9,144651115.55,406664345.55,-178182713.87,6203812764.59,13484896738.14,10948823804.95,897560265.94,12261227227.62,1151531263.36,2350095191.01,8791001393.23,559993050.19,1346811945.93
mt2008,5388686682.26,6181776811.41,419966047.66999996,286110353.71999997,785503059.99,2912882338.19,8398318528.309999,6770432320.12,838073192.15,7906423049.17,629106676.88,616502226.43,4629173628.339999,965806513.45,1550272325.75
mt2009,4804391620.86,6467670585.89,473151601.78,350246996.6,120133688.12,3299717496.08,8873418409.63,7767421835.46,1172097205.07,9302250416.68,689281444.01,705957566.6,4867978763.16,728437085.76,1523688022.08
mt2010,4912549079.78,7099677148.16,578760685.23,295477267.02,721373044.89,3853789810.06,9681116941.170002,8649397120.380001,802225825.0899999,9750272365.5,886695853.36,857896957.44,5192572849.88,568062052.4,1121954100.88
mt2011,4620962852.6,7820251901.58,444628655.94,566749187.18,769613393.06,4548188402.820001,10871902575.640001,9581753114.329998,775585404.59,10929548944.729998,1047880775.45,1048462032.22,5749470749.54,728411406.42,712905141.01
mt2012,4536246177.86,8889944031.12,210875379.25,1708568353.7,2296625288.6,6097666399.92,13699867756.4,10579435583.1,853731785.8100001,13146255722.61,1252908101.5,1337891918.41,7708223166.360001,475143579.3,1279057658.56
mt2013,5656932714.53,9702677708.45,289133201,353751468.58,-658278189.6,5748229081.51,15618318726.06,9992094440.67,2363573141.93,12721613392.81,1482505405.09,1437724262.26,8790504020.62,697923411.15,1347521521.55
mt2014,6540958585.99,10927731310.28,367535096.17,371285369.97,-306741345.73,6765006769.17,21891311984.62,11522211387.91,1763733063.75,13734135118.61,339959018.19,1727705702.38,9900802803.57,616890137.84,1229280905.3
mt2015,7103590792.84,11644432985.92,472789703.36,596803938.66,297506911.41,7838078322.75,16378112061.71,12896472790.55,848903569.86,14353056092.63,1357520632.33,1930250884.1699998,8701314479.54,598051722.04,1106258269.07
mt2016,6784889079.9,12522756874.44,380318323.16,609313751.22,378111232.47,8219503740.55,20967899768.71,15223282460.95,1191002515.19,17024984160.26,2393023566.75,2409531586.9900002,12507914869.21,1092044629.41,2066457567.33
pa2008,2790957521.1,7587651045.32,129913803.01,215211556.15,442060094.46,3829483238.54,10168125598.099998,8089407894.24,919115328.55,9381403404.9,581228759.22,1048590718.64,4683925811.29,591596004.84,984018720.22
pa2009,2751523097.74,7997163111.89,142346146.95,256941794.23,86178451.63,4256947886.52,10841893011.32,8930908240.17,827321861.65,10210618410.09,657663984.06,1140919974.16,5018175912.25,451519536.49,976309166.09
pa2010,3310328747.88,9117949794.94,171069827.98999998,279411650.9,-195055429.399999,4805216642.49,12338475253.03,10158797999.279999,1332710235.15,11956529183.599998,751075039.59,1268554540.48,5725828623.1,234680106.88,1594187846.62
pa2011,3146025655.54,10426349999.11,205221561.43,333465149.03,989115266.02,5502198515.03,14087978738.010002,11167083743.720001,552381918.3100001,12238315419.660002,829150855.15,1446005281.38,6368304435.03,377879268.05,2508875986.61
pa2012,2923896075.04,12722720110.21,199131778.89999998,376860610.76,1115367787.08,6849501770.64,17068566227.359999,13426470317.740002,923636005.1299999,14909531343.490002,996742611.95,1866111463.3,7890956281.699999,532325616.59,3751856730.27
pa2013,3145070980.69,13336642643.44,173147076.61,419991529.98,513574613.8,7476296672.83,18196166056.87,14820066510.98,1202409352.45,16616549242.41,1130715445.78,2121965546.31,9220095189.27,299284963.58,3839336038.47
pa2014,3562717666.93,15092463544.31,194679053.34,334291391.02,514905733.72,8392574623.67,20790147756.96,16686748559.06,1489567929.75,18698982751.49,1379925364.22,2419796625.34,10597214448.7,338646470.6,4903858237.24
pa2015,3777692184.97,16789901790.47,227753076.22,402341579.2,386981635.64,9612375517.48,22805710111.19,18836417336.51,1359924415.43,20790876876.11,1432124480.42,2785451096.21,11714182196.63,266598333.20000002,5224751429.11
pa2016,3388279401.71,17922201695.92,169579781.45,387309261.97,647603783.3,9999243503.18,24149828976.3,19983000733,939390859,21485201833.31,1564916633.81,2944506019.77,12279303378.18,549530467.2,6600751033.04
pb2008,2608736732.14,4391207183.76,104412718.64999999,193780365.89,444379176.89,2376017125.21,5806148397.360001,4684556364.16,387423686.83000004,5309725916.35,472925793.59,614446561.49,2287240540.57,202036203.33,457992110.95
pb2009,2541247287.45,4637839887.2,100736975.37,208704728.83,444379176.89,2857818368.2000003,6257240451.47,4704368397.4,470570304.86,5409270886.37,611649220.39,745107728.16,2564445337.54,258411262.83,818530121.17
pb2010,2446062856.3,5067417770.42,109475291.58,190184774.49,-205002757.28,3399736275.68,6904311802.95,5501088472.33,546081228.6500001,6245114760.79,621192655.5,878577089.37,3080327399.39,289492187.62,519644490.04
pb2011,2721731106.25,5992567869.53,106236492.17,211170889.49,452606627.27,3446685079.68,8053986538.099999,5781778685.140001,448906043.13000005,6462445804.650002,636547780.12,971631534.24,3441159889.51,358390713.53,1077696958.08
pb2012,3082928460.75,6286655663.1,115007886,227946833.74,133382280.69,3812364507.96,8573846756.039999,6632968770.68,657084473.33,7629023452.51,667493841.35,1117561507.11,3974887198.2,375988040.38,1100263712.88
pb2013,3277269822.93,7073291886.84,121243624.39,252259446.02,-77749297.18,4109277646.98,9642585310.14,7227348861,960969307.28,8559088409.37,689744749.34,1234156795.69,4567613850.41,651306422.83,1112826401.24
pb2014,4219518e3,7399789e3,123711816.49,204228153.42,-399774e3,4327441e3,10587179980.45,7874668523.28,1157701728.05,9346939499.04,733925119.65,1332851e3,5175044604.44,44737e4,1180772e3
pb2015,4487120381.06,7973372465.12,167365886.9,294723477.82,-296850308.05,4669678671.69,10918299356.15,8388748058.37,794988409.34,9555872108.59,760754614.04,1499132111.51,5345107453.43,618465052.9200001,1065299354
pb2016,4458664218.68,8845649341.67,172363266.43,351559097.66,321821025.67,4868029981.08,12050369241.37,8748729208.37,844478302.27,9973479954.22,761308556.27,1592924554.64,5730193102.05,751191059.84,1521062783.42
pe2008,5043634153.99,10010230658.72,257335229.92000002,480334649.07,733900540.35,5918768828.31,13628856969.900002,12373361410.220001,741901432.35,13938133961.170002,1942058489.32,2550996536.81,7120386574.589999,856875209.1,1280344715.76
pe2009,5359671717.72,10624548356.09,250591714.13,521269330.01,-331067436.62,6627574344.15,14657674821.45,13947356354.76,1120428078.15,16355370875.83,1847341628.25,2715841914.38,7771719329.49,861825494.64,1341683644.82
pe2010,6106127276.97,12435718768.07,275078923.55,341219124.15999997,220415644.88,7688524603,17282282600.739998,16318603007.359999,1819976494.0399997,19038560391.32,2316496198.92,2939166596.4,9528753384.4,1322059639.36,2437710481.83
pe2011,6765662488.46,14553205412.29,311755870.61,405118846.92999995,-357582305.710002,8473909039.86,20293978851.99,18652063159.27,1929123557.9600003,21515714401.12,2500056677.8,3108976703.09,11157926519.910002,1555191641.07,2379305255.22
pe2012,8968829238.15,15612666206.2,368040800.67,534955811.6,-1058307026.63,9671280449.38,21778058862.23,20960063558.949997,2293195488.3700004,24469913940.109997,2944006794.45,3638678676.7,12140927388.4,1509248497.76,2873042861.14
pe2013,11761920920.23,17173972712.67,462283718.76,635042432.59,1049053858.03,10491874566.15,23945699181.77,22682430808.6,2858504704.19,27132767346.56,3358127303.01,4059108546.05,13442144059.61,1165561160.42,3548093397.17
pe2014,13788310226.24,18475020080.82,539373602.45,612171286.59,-2060529274.22,12264051519.48,25872345704.99,25871590583.74,2543388194.94,29663840763.45,3739040568.11,5079362419.47,14621954155.48,1639324144.01,2512778631.83
pe2015,16157271697.67,19648437023.39,633047579.04,798507950.23,319444913.1,12153629025.97,27291524859.54,26040071226.93,1066479955.64,28203579244.57,3390359012.59,4681308103.35,15024413206.34,2427934879.9500003,2839803947.7000003
pe2016,15106217589.3,20853041088.71,519535966.11,807197397.07,777413148.91,13435763242.11,29035382392.59,27842683622.27,1136616873.43,30092027993.59,4404760953.56,5822481829.34,16274182077.72,3238638885.52,4134241603.8
pi2008,2547978970.65,3831027695.28,216208874.05,221999154.28,83243833.44,1931810931.6999998,4526702070.53,3622808732.48,432528584.78999996,4380474489.79,377643413.55,624526780.76,1282748606.0800002,152453387.53,410995875.67
pi2009,2700028194.99,4043264624.3,155446768.08,350829605.07,-173980592.64,2111808895.5600002,5245373550.35,3914613258.95,770524525.25,5261164181.01,416281813.69,631278842.9,1865161806.89,232943065.64,470769270.08
pi2010,2793515856.01,4524857508.68,133820362.67999999,411025605.29,41094415.74,2399849813.84,5934492790.019999,4225356568.26,763767147.6199999,5598210139.2,486684287.35,704794592.4100001,2255792592.15,155511753.06,453536357.38
pi2011,3231898613.84,5050100633.46,140521153.96,593478138.9399999,415712512.76,2800902364.4100003,6086725196.520001,4741111694.889999,525347448.08000004,5873397687.459999,531056088.93,872352705.58,1923136181.3500001,389635320.52,653635776.28
pi2012,3789884268.51,5575468120.71,135407618.07,911659133.49,493092719.11,3049423511.77,7348247829.559999,5114521404.35,710346494.87,6853769046.31,604149295.93,931812493.09,2839829198.9,331871951.86,1193618767.73
pi2013,4329174840.53,5785043666.12,109419800.21,219185653.04,677832.52,3499046035.6600003,7766191350.76,5843804085.36,1155361397.07,7351676058.39,229999541.92,1056995052.78,3196932278.69,394312016.16,1230267620.22
pi2014,4364512527.48,6201506914.05,122470605.87,225342920.13,-147537543.32,3879197581.79,8400930932.61,6308590315.68,918602339.68,7472553289.14,444777663.46,1113977279.43,3537941501.54,296817070.68,770426667.71
pi2015,4488665386.74,6600087436.36,136062794.45,258341815.57,3798087.85,4239910886.5899997,8969891867.48,7015692354.91,521154669.86,7848427828.48,456771210.12,1325834124.84,3894566157.92,314553418.43,982665719.36
pi2016,4449557724.95,7578979585.52,155926030.01,246291524.62,-356288556.33,4614358753.690001,10157764421.68,7990320466.71,880625502.84,9443309547.25,306859878.65,1420309709.98,4218557175.09,421878664.26,1405558095.33
pr2008,20313201623.75,14482742992.59,687745055.6,571192214.34,1260259483.98,6185265683.97,20530162030.910004,16775263088.29,863196647.24,18329104075.100002,61814127.04,1598905648.53,13646675479.27,396613736.29,2763726643
pr2009,20024800439.06,15092440101.8,680143229.51,618934031.67,867071707.59,6909057640.08,21673425339.95,17945974311.86,985519063.66,19696703857.67,99542938.44,1757266872,14409601839.94,883273963.45,2667383325.23
pr2010,18474712222.55,16963003163.63,698654983.51,619871325.16,810685333.73,7903154249.63,24214400223.27,19876326502.71,1350608385.2500002,22177333286.43,108022397.38,1927095050.24,16214942001.77,1492352776.32,2871675371
pr2011,19008338652.31,19713388991.28,676296230.94,613456846.81,1390363386.06,9290304852.449999,27768170272.78001,23024846239.190002,759878299.8999999,24597278589.160004,87791685.99,2268343187.03,18666005378.72,1443239440.2,3710665006.93
pr2012,19015025356.28,21849072564.42,681926804.7,667726348.34,392221542.41,10336741257.31,30846581124.850002,26178028058.590004,1303053921.32,28490682393.430004,131125011.17,2364501179.39,21110265950.15,2121439458.98,5351456336.97
pr2013,18062406970.61,25397663790.45,697793331.57,699488129.52,2294320126.78,16427474640.449999,35033158669.06,29348349523.47,1790133872.44,32047015544.58,1005217194.21,5262375415.43,24631471873.2,4918831301.42,4232998379.92
pr2014,19989826058.47,28336698864.23,734180531.84,819987460.27,492512407.48,18133077957,38676227784.36,32024359621.3,1545227111.3,34907684991.27,1104038899.23,5871311858.05,27131956769.59,2656844351.44,2982728962.87
pr2015,21419612184.92,31876371512.27,816707306.19,928292471.5,1863591789.41,19177770800.079998,43082305753.64,34283561182.35,1031571527.82,36414833044.33,1376157589.7,6299357333.74,30547366376.34,1923746156.09,5046050617.940001
pr2016,21339250608.98,34135477821.98,355047922.38,668219215.04,-481009995.32,22152439285.4,48886358958.63,46806940170.42,1647394637.83,51324695033,1711006609.62,7510244125.57,32336918929.17,3192559898.95,8411579167.03
rj2008,56474322e3,31830885e3,2514178500.5899997,887171230.6700001,4923232e3,14086997e3,41047326227.549995,38029974383.16,1754478914.47,40800988885.560005,858377e3,6407516e3,22920743457.309998,4154492e3,472264e4
rj2009,52664842e3,28976688e3,2293140484.08,1222952260.39,1446493e3,14860963e3,39100494283.86,38972554355.67,2736537190.33,43062395090.01,905214e3,7002519e3,24884732090.56,4012668e3,4813232e3
rj2010,59202175262,34534904291,2334210622.19,1227768255.98,746522,17222931775,46563868508.520004,44483694633.450005,5165741377.940001,51002384434.43001,1040247231,7976209506,29086555271.15,3556257094,5267277505
rj2011,64104459434,39268345357,2469236442.53,1630549418.5,2599970036,19468730497,52464140310.34,49967429943.829994,4715017174.290001,56553049861.02,1123435765,9164189729,32555744839.870003,3481052318,6819247601
rj2012,74432767799,40613414954,2633461022.46,2225819082.6,-908716935,22610366708,55059670491.670006,55779587484.740005,5606754193.45,63819246971.50001,1225439774,10330009035,35141715073.28,3754668880,6806929287
rj2013,79694667185,47064197574,2931170058.73,2832809081.44,-4704246421,28169385365,63457785358.57,61534795602.3,7078095332.04,71663151028.69,1352873699,11803588510,40612374424.66,5434679118,8071078371
rj2014,89862113477,46045517774,3232684942.31,3450203138.99,-7339441229,29173954532,64478113221.66,64497633895.8,7666201633.87,75704294422.89,1767834750,13179770374,42497175653.25,4307978973,7387362793
rj2015,107569561637,51224316994,3834758585.53,3450713211.05,-3957620963.05,30284482895,68867486689.42,55782283351.38,6701739295.25,65978034654.36,1829624600,13307334470,43442548897.77,7409316458,6012595391
rj2016,108103232139,46228984468.73,2729723372.37,1986946981.22,-6324634672,32666374489.18,63891144374.8,56142793711.6,2674275557.24,60832044102.88,1826752217,14107618448.48,44955109673.7,16049945387.55,4945395230
rn2008,1409396790.22,4575649137.47,69680685.2,178490654.19,354777840.53,2712765585.88,6122837717.63,5117996278.5199995,297340076.59000003,5804413903.259999,611941404.66,879618756.52,2715114091.4,194421197.39,615671872.79
rn2009,1298230745.72,4813312267.21,68305819.11,212343960.1,128979521.24,2978920997.35,6459334482.28,5634271226.89,491720638.31,6584511519.83,650903872.55,963570898.8,2925954862.09,291623765.39,685327003.48
rn2010,1478800063.25,5520354659.07,75254436.63,190074663.74,107446828.58,3352865620,7421765688.410001,6189187740.42,490729067.00000006,7080728143.9,739033651.21,1041922355.12,3432401454.2100005,294158055.38,772945641.2
rn2011,1564897443.69,5915554392.39,83793336.12,251995223.53,15004601.65,3628377516.64,8077054149.130001,6847422061.79,283666373.75,7656353593.53,825507565.49,1157579475.61,3883992157.7900004,431526546.42,671804954.3
rn2012,1502467348.73,6702372037.25,86547990.99000001,242193050.67,78923803.61,4150760006.25,9120525868.17,7809750895.25,414002843.42,8685788561.99,915707504.88,1344001960.8,4369594662.41,374552371.12,810564778.25
rn2013,1641388222.12,7275808667.35,76911875.98,610434231.54,119658718.24,4729091268.32,9928940932.15,8602076746.58,364958455.87,9873887196.34,977869832.48,1754756829.79,4840615842.61,546259739.02,958053151.85
rn2014,1823919645.72,7801589661.26,74366476.84,141640121.19,219671374.92,5068621475.97,10628052668.7,9356947781.44,360314121.34,10106870179.85,995578634.79,2000584955.69,5241223605.11,380447629.19,690684135.9300001
rn2015,1766804684.05,7996956928.75,95309687.38,153970813.71,-330022524.6,5289410260.91,11082173780.6,10050328317.81,425934273.71,11011799201.06,1177418474.74,1759182465.96,5600576367.83,538495505.91769,1172396583.96
rn2016,2061018249.67,8611240172.02,103595165.58,232720140.78,30985854.83,5790887567.41,11805912091.79,9145252721.42,551624821.83,10154993407.22,1181438727.43,2111401716.3000002,5992984653.65,1085852037.7,1380622171.55
ro2008,2297711666.76,3261805461.97,110249258.00999999,111037776.65,281626739,1222654081.12,4298019857.78,3115293397.9900002,545354628.34,3773052187.9800005,81330635.1,110894636.54,1903737195.87,89934004.91,673289065.77
ro2009,2241945813.96,3236548262.7,110474501.64,117771417.88,-830730244.23,1463067708.36,4398708031.49,3539151903.05,780295882.36,4441174343.29,112563007.16,140915635.33,2045629100.34,142558360.83,484207808.13
ro2010,2434101669.65,3715154433.38,113759073.58000001,133479337.85,34099101.88,1685408171.72,5087412700.24,4065844380.0599995,602173583.77,4802411484.2699995,123592273.3,167040991.35,2473217810.23,154834179.57,369888086.01
ro2011,2703219739.21,4480601857.73,125885294.42999999,198157977.68,421212395.73,1985857100.26,6160453353.65,4732333163.549999,484666575.77000004,5438780061.999999,464514005,192049144.79,2831786692.37,144526467.43,562836788.09
ro2012,2622813774.79,4789361242.98,118963169.46,154334176.34,50878961.26,2354247648.21,6445832693.82,5313289757.360001,448016379.36,5920640313.06,308916487.95,234308686.24,3032793494.6499996,279747439.7,421876829.87
ro2013,4062562907.79,4851853477.19,125835283.63,146788508.14,-382064880.23,2560415127.46,6582995267.1,5573044657.64,759275626.08,6479108791.86,322451952.92,286942414.21,3083087176.8,366814675.52,623292830.38
ro2014,3960149690.45,5487924195.15,87822072.2,139592448.66,104634036.97,2707216710.83,7533279572.25,6046851228.57,533609949.53,6726560345.46,494148177.79,317705832.38,3505169123.85,214303998.36,706965985.68
ro2015,4220948216.13,5825194566.13,43903396.22,115684538.29,23781853.04,2873251494.88,7966029121.62,5548126099.7,547273053.26,6222163691.25,504562916.97,290742264.09,3701070043.32,476969179.16,777180004.97
ro2016,4441565945.01,6502106330.05,39755356.5,123347158.5,392568942.06,3056622258.93,8727820718.27,5821437404.2,523686671.56,6471471234.26,520223047.43,340703583.76,3785221554.77,348531344.25,1169097092.49
rr2008,616120877.93,1592232884.58,13364068.04,52946040.18000001,145367779.83,542038714.71,1970403494.49,1441185793.8699996,205448665.2,1785438786.9099996,36222234.44,4367516.86,378446341.02000004,56684662.25,756651095.03
rr2009,1141300121.52,1626187295.53,13419238.21,56032539.54,-126212077.36,585490344.08,2046508027.35,1551560277.46,229281671.99,2005438046.72,45072712.89,23925934.68,427356866.08,120822983.08,272552395.26
rr2010,888618709.82,1788506009.17,32103495.45,47356155.38,303469154.85,665520907.08,2282723024.04,1748167766.9900002,241648780.35000002,2116660022.5200002,49177324.99,28075806.96,510140781.52000004,124947126.19506681,335012001.85
rr2011,984579659.83,2363618533.47,48972478.27,68753444.66,96965557.46,850989721.05,5280982303.69,2108958174.25,341382755.02,2599336002.21,121371709.23,8875185.21,535116033.68,441590911.59,1722742639.09
rr2012,1578398088.15,2380344161.93,52492260.28,75003441.29,49161907.37,1018553440.34,2935880249.27,2251210160.5099998,393417372.78000003,2812477154.1099997,108840312.89,13575964.84,576136458.33,496212485.7534339,1330459877.37
rr2013,1801156917.37,2403837947.86,75389988.19,141301244.8,-1034616534.39,1158321835.24,3024966201.82,2651764508.04,562981041.36,3879887764.72,143857084.65,15248036.68,652407256.88,246269960.94,338893722.95
rr2014,1910868099.42,2785141355.06,94126063.1,63498409.33,305864049.34,1122649832.09,3492183978.19,2269894204.25,357103257.71,2791387639.33,139118517.9,17696379.53,769886899.88,208560834.7,736994902.25
rr2015,1899694304.61,2824662615.35,94062755.96,82207297.68,312182708.41,1360277822.3,3570867618.8,2529101441.86,171247445.59,2831810414.56,166311936.26,26467008.75,815296694.03,600757516.8100001,1655497922.45
rr2016,1921907117.65,3376579222.11,125990268.4,125228103.11,776583227.72,1458151994.01,4204219521.36,3095901038.06,161270444.39,3384683739.14,143783685.27,40220790.58,916275830.51,394667696.76,732837209.19
rs2008,40553761391.07,16657785043.53,266190411.98000002,2916393887.7300005,2150781562.26,6723655816.33,24659512593.709995,20422879222.46,595291686.66,24000074230.77,1172924662.46,3298498059.81,17099109886.81,10690338466.43,7005761346.84
rs2009,39645534973.63,17387287460.49,202922351.16,1909398217.56,1627527141.92,7429418636.29,26157932905.94,25983787542.68,598048785.62,28555085110.03,5248959325.24,3703317099.76,17859070153.92,10551714453.32,6651092598.27
rs2010,44412294511.9,20297846621.21,164256055.99,2791494965.8500004,1582222343.35,8254619246.860001,30796292859.32,30151892931.75,1864480168.44,34880273153.04,6407295416.37,4062291641.54,21419582002.92,8448926209.17,6098391638.69
rs2011,47547620356.54,21927904938.78,124591081.61,2379567536.65,1454147381.24,9339821485.95,32760444064.360004,32613441779.920006,882037056.59,36097512951.83,6521389353.02,4558290949.9800005,22795745565.12,9232287642.28,6341598256.86
rs2012,51748594001.25,23710653600.52,1485511115.91,1200006940.39,804579809.69,19632892163.8,35296218441.520004,37780623842.01,980755726.59,40203861122.880005,7372298437.35,12667461398.25,24904059316.22,11462136272.61,7576712002.37
rs2013,55040941433.82,26387876167.82,1529251503.91,1365292382.37,623854301.09,22346830077.530003,39713753365.22,42967508725.47,1333977299.03,45762263619.71,8607466402.84,14231010866.65,28594292601.17,18754253121.32,12212386567.01
rs2014,59939701992.16,28633465815.75,1560296842.19,1708590389.28,-542159461.049995,23090848737.44,43503352558.46,48192121183.38,1452065217.78,51675467289.26,9716602459.74,13701707979.04,30826127068.66,22935278276.92,13558392918.62
rs2015,68486044087.21,30139172170.57,1664534579.9,2075436393.92,-1777129950.82,25717892177.22,45464790614.61,52271242958.71,658196236.56,55155651959.46,10264290573.47,15259897816.84,32198991681.39,30125443586.07,15705362969.06
rs2016,73796963283.16,34654897410.3,603396401.9,1140613886.04,854663469.44,26966893203.8,51804735975.71,55249661730.52,841166257,57487349344.49,11439235241.47,16896472503.2,36115443229.78,32241075702.97,17509814357.41
sc2008,12555328903.14,10420913102.08,666669789.12,454741345.97,1720181059.46,4609470327.93,12016469528.6,9142069860.629997,784334306.54,10584693344.409998,1124052221.43,1571602955.41,6928368827.190001,825953041.68,1779450648.8
sc2009,11840523755.91,10405660160.88,765316861.26,497893713.55,582027030.46,4998429237.32,15000023181.02,10238135301.9,1081146144.13,11836627610.28,838835067.77,1734520326.61,9885360765.37,976087584.52,1532956527.73
sc2010,13578641600.3,11857683741.63,814236874,428468446.74,880446093.41,5875252948.330001,17359182463.090004,11609996145.369999,1088781097.76,13166963565.789999,977357534.45,2072216320.19,11950269237.95,548679801.92,1585068525.55
sc2011,13362061556.15,13791477471.27,998236999.5600001,502668125.16,1259600983.75,6885048558.84,20281870975.629997,13424081573.73,966393537.78,14951779854.97,1105470415.6,2513046783.35,13722374484.31,644268521.55,2166718927.18
sc2012,14024533142.93,14535174071.92,1642840091.19,1580810025.82,869463844.08,7826964346.900001,21386978204.400005,15500703212.900002,972591470.9700001,18088824526.47,1212612811.37,2816773379.58,15017411595.04,265815387.97,1829013546.84
sc2013,15806481453.76,15892968191.51,668313458.28,1583098931.87,4633731.76,8559621852.5,24082818865.64,16175395667.97,1251047735.55,19254339864.11,1320851412.9,3171539183.45,16564138994.39,376526193.67,2692081447.08
sc2014,17882020462.01,17835511027.09,810887866.64,561954577.94,-654081556.180004,9857354758.73,26167765538.06,18402189402.66,2191033293.89,21230113745.18,1525060381.42,3706763604.2,18686678255.46,295803881.67,3027519098.84
sc2015,21025026280.98,19409870961.23,957286003.26,834924410.43,-330031930.82,10963389468.78,28221750427.18,20205273993.15,1816405969.42,22979636740.42,1732129738.67,4356125199.35,19345227128.7,219729195.37,2996446560.54
sc2016,22489998259.76,20488858892.36,671254327.44,610790655.32,-769575804.4,12062997582.369999,29828547674.13,21698671076.65,1817411602.32,24179579471.5,2056828557.1,4952099510.66,21180018436.55,433683809.87,3361812695.88
se2008,1592452805.67,3799764115.26,78842590.31,136541637.81,408911105.92,2053805372.56,4933757856.93,3786054452.1299996,241969423.91,4269028191.91,426952203.29,515018026.93,1579444476.8899999,46495070.6,724680987.17
se2009,1631482651.18,3934265313.28,77613172.2,121254622.44,-167083330.07,2472782710.37,5134278607.8,4400384367.78,257484970.23,4943389686.94,473363651.34,627690366.64,1718787502.49,34617301.56,546963775
se2010,2083725918.5,4629386959.1,101375046.18,112325238.97,-320011548.939999,2989663751.31,6100508931.07,5288791762.13,501271003.06000006,5998843889.04,620728349.92,800785451.38,2134199616.4299998,37629380.95,455545319.54
se2011,2958472378.36,4905588109.84,119830075.27,163905537.18,-124992576.469999,3333144053.71,6424817670.94,5395620402.87,422189869.63,6034972512.559999,686584959.77,1001552830.46,2408063188.94,218234817.97,592368662.17
se2012,3219384989.36,5221654432.54,130939659.32,210936948.11,-98139167.8000001,3593352356.07,7034232224.41,5937920627.58,369076496.91999996,6555375374.54,726105614.41,1180322049.94,2703635396.3900003,236609297.96,527307184.92
se2013,3649040872.79,5524274804.59,136863811.6,537613623.07,88146720.72,3681464982.5,7473140614.3,6188209086.41,246265625.2,6988408508.08,746099626.96,1285778103.19,2980854485.9,226454776.37,694850026.41
se2014,3981106814.98,5982485349.94,153637832.83,213340325.56,228954906.3,3981264565.69,8056737665.27,6703382137.23,500244930.08,7438093120.41,728348671.33,1469649142.4,3217640315.9,388565724.01,994546887.6
se2015,4842102139.4,6353339374.91,174450228.12,242281197.19,-53891347.74,4067136440.04,8537815613.05,6917455119.83,337967651.29,7509075204,748953442.28,1587581222.99,3433347227.55,1251187562.0500002,1066349716.06
se2016,4665572020.04,6787495872.54,148565813.32,231310952.77,259137793.32,4156137717.48,9143992036.7,7138760273.96,369675557.23,7777070797.38,857767742.48,1633277462.15,3598031227.43,1087244970.1100001,858272313.91
sp2008,161256770895.68,82182734297.27,5980094225.54,2225695835.91,5534128677.65,44810248974.34,107688074195.29001,106692664136.15001,6992323070.56,120734533460.18001,2303108978.05,19561023544.44,85749011588.03,13818032399.35,18737407603.58
sp2009,161988784428.14,86618566958.7,5757555230.13,3366896131.8,2621905610.39,47991098769.9,113618045091.79,112195654656.08,10289699068.95,130760670353.56,2515821372.1,20953778569.42,89345606351.76,14738858676.69,20551288882.49
sp2010,187378301762.7,99914614189.05,6216034968.46,3651171059.68,5152174764.94,52735132762.11,131045311418.60999,126050054073.66,12641410030.78,147056059385.73,2667928765.27,22445694173.4,103211772287.63998,18290571417.28,24314490123.83
sp2011,198004172047.17,108053551037.05,7100955821.780001,4137942397.94,6196640975.21,58957789106.93,142312289953.72998,140642804502.5,9684420890.3,159949788187.88,3060265565.66,25556210019.38,113543019737.69,19992291446.71,30479196691.55
sp2012,207670291068.82,115369737577.47,7701378207.13,4782895705.79,6489956416.88,67348317834,152648274970.12997,156162935936.17996,8101099083.059999,173106698940.16995,3534016575,30925758148.11,121781362213.62,16911596e3,29356758e3
sp2013,220362490168.61,129472631328.27,8374233419.98,5460063650.91,4402521203.7,74768896002.2,170017901652.03,174351825612.59,13339905101.81,197870171922.07,3932256862,33983270991.3,130553599150.03,15542606846.5,28835833929.46
sp2014,235630150124.57,135630164995.68,9592061539.04,5776159137.6,4589051013.68,81982351616,177532345803.41,185900793344.6,12944816199.27,209842014024,4364782087.68,36983819438.22,136064779375.1,14566196241.87,22830579972.01
sp2015,269025604839.88,140398953319.01,9683230342.26,7179203541.33,5062845327.84,89673549043.03,184033812806.03,199872628134.43,8987379774.36,220506971963.47,4655977874.94,40862688514.12,142158012947.58,16425881366.48,24854506751.39
sp2016,277904437710.13,140443287171.02,6384765558.21,4127991181.59,1563749695.92,91165769585.84,184208379552.26,201533576242.07,8373562786.62,219266294160.31,4656701326.52,43475068601.87,143082542493.11,15180824099.09,23897559171.59
to2008,733655356.11,3451007488.57,34973974.36,119971815.76,61352288.48,1348304009.46,4323631476.009999,2870540453.2900004,1007020346.61,4013208454.6700006,188810261.85,105045352.36,1108764866.88,155789905.89,514811687.69
to2009,811221353.24,3406416318.08,33837311.83,123497551.56,252193043.1,1626642607.47,4321248163.16,3152948460.47,772646329.97,4065095680.77,223796338.49,122018677.6,1142739124.45,182659633.96,587511172.56
to2010,1085215308.66,3881229046.02,49353032.519999996,95375402,-121318376.84,2015057915.52,4943635859.96,3732488875.01,872538481.48,4712377308.16,320284408.54,151182802.34,1394655609.5,78269776.98,499595535.37
to2011,1401977206.88,4548795397.79,60435190.28,125858093.32,147620271.04,2468251472.34,5865530009.599999,4485035550.879999,536839577.52000004,5173466699.139999,432307469.22,185242359.32,1695192580.58,64710269.57,456889505.19
to2012,1834947326.97,4991475367.76,72727098.02,157176299.26,102999662.81,2744147593.16,6432340349.429999,5064388271.309999,547797975.9200001,5782760787.4,503152953.1,229844189.82,1912664808.05,196648150.71,926717125.74
to2013,2101879424.38,5323440128.75,101529445.75,227870886.13,376883045.86,3247087036.5,6892086783.98,5687800540.08,675775752.47,6626509400.43,571453077.85,283632636.64,2212458445.88,118547524.53,803543210.4
to2014,2479752835.41,6071450294.61,111042314.12,231824194.73,-522092597.6,3725789715.6299996,7825217044.56,6317458896.55,940507639.52,7507435286.92,704443506.42,380924896.81,2465111005.35,133058303.77,564167569.83
to2015,3270150236.68,6304771944.72,158338065.67,327363311.2,249339619.01,4178128685.7000003,8203317200.8,6808227870.1,341709219.83,7486049495.86,597498295.58,508788073.98,2722517972.44,247219349.12,4529214093.2
to2016,3076926621.72,7293584929.36,184469783.61,350588374.55,63823528.33,4746822952.72,9513058363.94,7680680487.25,557655334.43,8600161677.83,815772819.74,649672335.7,3126741892.97,499718383.32,5139556962.41
